id,y_regression_true,y_classification_true_01,pred_rmsd_cv_avg,pred_rmsd_lower_prediction_interval_bounds_cv,pred_rmsd_upper_prediction_interval_bounds_cv,p_hard_cv_avg,abs_err_cv
7ST5_HL,1.677937,0,2.656917095184326,0.5202450429840084,4.793589147384644,0.3138132413228353,0.9789800951843262
9NPH_BA,4.066009,1,3.9716694831848143,1.8349974309844965,6.108341535385132,0.7354370752970377,0.09433951681518593
8AHN_HL,2.5513329999999996,0,2.4826636791229246,0.3459916269226069,4.619335731323242,0.24695694744586943,0.068669320877075
8X0T_HL,4.3703579999999995,1,6.958056163787842,4.821384111587524,9.094728215988159,0.7093924840291341,2.5876981637878425
8F0L_AB,1.7302115,0,2.447457790374756,0.3107857381744381,4.584129842575074,0.23859167794386543,0.7172462903747558
9GFL_HL,1.3630245,0,2.101363182067871,-0.03530887013244666,4.238035234268189,0.3374083479245504,0.738338682067871
7TE4_BA,2.1060035,0,3.7963282585144045,1.6596562063140867,5.933000310714722,0.6218690395355224,1.6903247585144046
9BQW_HL,2.997659,0,3.8952354907989504,1.7585634385986326,6.031907542999268,0.6450350960095723,0.8975764907989503
8W70_BA,1.2538965,0,2.6819982051849367,0.545326152984619,4.8186702573852545,0.3238692303498586,1.4281017051849367
8FXJ_HL,2.8040795000000003,0,3.0116602897644045,0.8749882375640867,5.148332341964722,0.6298210978507996,0.2075807897644042
9MI7_HL,0.7457374999999999,0,2.9705420970916747,0.833870044891357,5.107214149291993,0.2531480302413305,2.2248045970916746
7U0A_HL,5.3522915,1,3.2973480224609375,1.1606759702606197,5.434020074661255,0.584701285759608,2.0549434775390623
7XSA_HI,2.0273705,0,3.3699244976043703,1.2332524454040525,5.506596549804688,0.22397466798623406,1.3425539976043703
8BE1_AB,2.30493,0,2.3963207244873046,0.25964867228698685,4.532992776687623,0.3049237320820491,0.09139072448730445
7WC0_AB,5.9266305,1,3.9404165267944338,1.803744474594116,6.0770885789947515,0.4683882067600885,1.9862139732055661
8SGA_HL,3.4461945,1,3.2602068901062013,1.1235348379058836,5.396878942306519,0.5308540284633636,0.18598760989379848
7UED_HL,1.5153405,0,2.5102446556091307,0.37357260340881293,4.646916707809448,0.2609477390845617,0.9949041556091307
7UNB_HL,6.1816135,1,2.307820224761963,0.17114817256164505,4.444492276962281,0.27140307128429414,3.8737932752380373
7U2D_HL,4.256186,1,4.2463665962219235,2.1096945440216057,6.383038648422241,0.7030474702517192,0.009819403778076108
9CPQ_HL,1.3106369999999998,0,1.491579794883728,-0.6450922573165898,3.6282518470840457,0.24805519680182136,0.1809427948837281
8EF3_AB,3.1973785,1,2.6850634098052977,0.5483913576049799,4.821735462005615,0.2991600861152013,0.5123150901947024
7UZD_HL,1.7868295,0,1.986257290840149,-0.15041476136016874,4.122929343040466,0.24787776370843254,0.19942779084014894
7TP4_HL,4.4435605,1,4.072271203994751,1.9355991517944329,6.208943256195068,0.701094909509023,0.3712892960052496
8BSF_HL,4.269216,1,5.469827461242676,3.333155409042358,7.606499513442993,0.7163439512252807,1.2006114612426755
8QXC_AB,2.917709,0,1.7187772274017334,-0.4178948247985843,3.855449279602051,0.28237835665543876,1.1989317725982664
8TV3_HL,3.7962915,1,2.8554336547851564,0.7187616025848387,4.992105706985474,0.3160742849111557,0.9408578452148437
8EL2_HL,2.936912,0,3.942750883102417,1.8060788309020994,6.079422935302735,0.6872654497623444,1.0058388831024172
7TXW_HL,3.361736,1,3.520473289489746,1.3838012372894282,5.657145341690064,0.4551813840866089,0.15873728948974586
8EF2_HL,3.5078455,1,4.721758651733398,2.5850865995330805,6.858430703933716,0.6922217726707458,1.213913151733398
8IB1_BA,3.176697,1,2.524331045150757,0.38765899295043926,4.661003097351075,0.3673723439375559,0.6523659548492429
7UZC_EF,3.6253295,1,3.805585241317749,1.6689131891174314,5.942257293518066,0.6625501235326131,0.18025574131774924
9AXQ_AB,7.854241,1,4.860194134712219,2.7235220825119013,6.996866186912537,0.49399972160657246,2.994046865287781
7X2H_AB,5.0786455,1,2.9419734477996826,0.8053013955993649,5.0786455,0.4151786645253499,2.1366720522003178
8T51_AB,0.8920665000000001,0,2.6044497966766356,0.4677777444763178,4.741121848876953,0.24775604605674745,1.7123832966766355
9FQO_AB,2.893204,0,1.7050241708755494,-0.4316478813247684,3.841696223075867,0.22120195329189302,1.1881798291244505
8EQ6_HL,2.657391,0,2.0508665561676027,-0.08580549603271503,4.1875386083679205,0.24560817182064057,0.6065244438323973
7URQ_HL,2.5715054999999998,0,2.6131966590881346,0.47652460688781684,4.749868711288452,0.3046826163927714,0.04169115908813481
7U09_HL,6.2757095,1,5.368128776550293,3.231456724349975,7.504800828750611,0.718192183971405,0.9075807234497066
9B44_AB,2.22409,0,2.0953230381011965,-0.041349014099121284,4.231995090301514,0.4388723651568095,0.12876696189880343
8THN_AB,1.049143,0,1.9502070188522338,-0.18646503334808395,4.086879071052552,0.2481864551703135,0.9010640188522339
7RE7_HL,2.1728620000000003,0,1.9209514379501342,-0.21572061425018352,4.057623490150452,0.3852938959995905,0.25191056204986606
8ELI_HL,1.5038135000000001,0,3.4870522022247314,1.3503801500244137,5.623724254425049,0.6066733916600546,1.9832387022247313
9RM2_AB,3.9446434999999997,1,3.5506051063537596,1.4139330541534418,5.687277158554077,0.6206368744373322,0.39403839364624016
8T59_AB,2.7461515,0,4.031303405761719,1.894631353561401,6.1679754579620365,0.4173458218574524,1.285151905761719
7VYR_AB,1.3139695,0,2.6042094945907595,0.4675374423904417,4.740881546791077,0.3854197839895884,1.2902399945907594
8UKY_BA,1.172641,0,1.6828997373580932,-0.4537723148422246,3.819571789558411,0.2209915031989415,0.5102587373580931
8BSE_HL,3.630843,1,3.7552847385406496,1.6186126863403318,5.891956790740967,0.5681375424067179,0.12444173854064955
7QT2_AB,5.102121,1,3.1760218143463135,1.0393497621459957,5.312693866546631,0.41404512127240495,1.9260991856536869
9JD1_BA,7.7624580000000005,1,7.577019596099854,5.440347543899536,9.713691648300172,0.6884660482406616,0.18543840390014665
8G1C_AB,3.054391,1,4.497856330871582,2.3611842786712645,6.6345283830719,0.5449691146612168,1.4434653308715824
9AXS_HL,1.905275,0,2.4825206279754637,0.34584857577514594,4.619192680175781,0.3977448920408885,0.5772456279754636
7WPH_HL,3.2739655,1,2.6064552307128905,0.4697831785125728,4.743127282913209,0.45364560286204014,0.6675102692871095
7QF0_HL,1.9791755000000002,0,1.6000201463699342,-0.5366519058303836,3.736692198570252,0.27222572068373363,0.379155353630066
8XX0_HL,2.171467,0,1.97591073513031,-0.16076131707000774,4.112582787330628,0.39084559977054595,0.1955562648696898
8D47_BA,6.873400999999999,1,7.422831630706787,5.286159578506469,9.559503682907105,0.594805771112442,0.5494306307067873
9GWT_HL,1.084838,0,2.6818426132202147,0.5451705610198969,4.818514665420532,0.3891999582449595,1.5970046132202147
8HRH_AB,1.877168,0,1.8024905681610108,-0.3341814840393069,3.9391626203613286,0.25098304251829784,0.07467743183898912
8ATH_EF,4.164375,1,1.2053706765174865,-0.9313013756828312,3.3420427287178045,0.23874933421611785,2.959004323482513
8DAO_CD,9.0639975,1,5.9387787818908695,3.8021067296905517,8.075450834091187,0.6936652859052022,3.1252187181091298
9OAO_HL,2.427638,0,2.060453486442566,-0.07621856575775166,4.197125538642884,0.2301473706960678,0.36718451355743387
7ZOZ_HL,2.833851,0,4.183856248855591,2.047184196655273,6.320528301055909,0.5318440755208333,1.3500052488555907
8FHY_CB,2.043564,0,2.73445611000061,0.5977840578002924,4.871128162200928,0.3622149338324865,0.6908921100006102
7SN1_HL,3.0363765000000003,1,2.9960922718048097,0.859420219604492,5.1327643240051275,0.46426436702410373,0.04028422819519051
8DB4_CD,3.615832,1,3.5680897712707518,1.431417719070434,5.7047618234710695,0.39559243718783066,0.04774222872924838
7QNY_HL,0.8700785,0,1.4001286983489991,-0.7365433538513186,3.536800750549317,0.23225805262724558,0.5300501983489991
8T9Z_HL,1.5513085,0,1.665122628211975,-0.47154942398834265,3.801794680412293,0.22179610530535382,0.11381412821197512
8OXW_BC,2.5950620000000004,0,3.147733449935913,1.0110613977355953,5.284405502136231,0.30016156037648517,0.5526714499359127
9CR9_AB,3.0672699999999997,1,2.632584810256958,0.49591275805664026,4.769256862457276,0.45127426485220595,0.4346851897430417
7WNB_HL,1.1647595000000002,0,2.4348610401153565,0.2981889879150388,4.571533092315674,0.2756211251020432,1.2701015401153564
7WVL_HL,3.3505955,1,1.6683356285095214,-0.4683364236907963,3.8050076807098394,0.3509066691001256,1.6822598714904784
7Y0V_HL,5.238963,1,4.463601922988891,2.3269298707885735,6.600273975189209,0.6968316713968913,0.7753610770111088
9R2E_AB,1.340603,0,1.1340060830116272,-1.0026659691886906,3.270678135211945,0.23656918605168661,0.2065969169883728
8FB8_HL,4.3787155,1,4.568740558624268,2.43206850642395,6.7054126108245855,0.7102237184842427,0.19002505862426755
9B74_HL,4.265551,1,4.270791530609131,2.134119478408813,6.407463582809449,0.6517158846060435,0.005240530609130545
8TQ7_FG,1.583624,0,2.5022730827331543,0.36560103053283655,4.638945134933472,0.4250685691833496,0.9186490827331544
9C9K_HL,1.1797045000000002,0,1.8981093406677245,-0.23856271153259323,4.034781392868043,0.26483738124370576,0.7184048406677244
8TV1_DE,7.8251,1,7.1074339866638185,4.970761934463501,9.244106038864135,0.649542901913325,0.7176660133361814
7ZFF_HL,4.213049,1,3.930186557769775,1.7935145055694575,6.066858609970093,0.7114803671836853,0.2828624422302246
7SJM_HL,2.238417,0,2.113602709770203,-0.023069342430114936,4.250274761970521,0.25738991697629293,0.12481429022979729
8GY5_AB,1.5826815,0,1.8492560148239137,-0.2874160373764041,3.9859280670242314,0.2349130640427272,0.2665745148239136
9JBQ_AB,5.7086305,1,4.4155291557312015,2.2788571035308838,6.552201207931519,0.6501737137635549,1.2931013442687984
7UVF_HL,1.5735675,0,1.4251763582229615,-0.7114956939773562,3.5618484104232793,0.24178635478019714,0.1483911417770385
8DTX_AB,1.6488245,0,2.0553736448287965,-0.08129840737152128,4.192045697029114,0.3213515470425288,0.40654914482879656
9MI6_HL,1.2570450000000002,0,2.37042772769928,0.23375567549896203,4.5070997798995975,0.3214352746804555,1.1133827276992796
8FBA_AB,4.914069,1,4.218917465209961,2.082245413009643,6.355589517410278,0.7249716560045878,0.695151534790039
7Z2M_BA,1.3443209999999999,0,2.413283634185791,0.2766115819854731,4.549955686386109,0.24512187540531158,1.068962634185791
7TCQ_AB,0.9586085,0,2.846394968032837,0.7097229158325193,4.983067020233155,0.27188974122206366,1.8877864680328371
7XJF_AB,5.28702,1,3.596174430847168,1.4595023786468504,5.732846483047486,0.6309150795141856,1.690845569152832
9MJ3_HL,3.1590179999999997,1,2.7395276069641112,0.6028555547637935,4.876199659164429,0.4700737992922465,0.4194903930358884
8S4H_AB,3.7167325,1,3.2286465644836424,1.0919745122833246,5.36531861668396,0.7048177321751912,0.4880859355163576
8TJT_DA,3.1704035,1,3.9003020763397216,1.7636300241394038,6.03697412854004,0.6896715760231018,0.7298985763397217
8TXP_HL,5.2090005,1,4.018259716033936,1.881587663833618,6.1549317682342535,0.5975091636180878,1.1907407839660644
8HPK_HL,2.0726050000000003,0,1.944873070716858,-0.19179898148345975,4.081545122917175,0.3080854247013728,0.12773192928314225
8Q3J_CB,5.60104,1,4.997552680969238,2.8608806287689204,7.134224733169556,0.7181596557299297,0.6034873190307621
8DS7_HL,1.8981035,0,2.721519708633423,0.5848476564331051,4.858191760833741,0.33239783843358356,0.8234162086334229
7X9E_AB,5.6201360000000005,1,2.513237714767456,0.3765656625671383,4.649909766967774,0.38759302894274394,3.1068982852325444
7WG3_EA,1.125575,0,2.7792948722839355,0.6426228200836177,4.915966924484254,0.40321232179800665,1.6537198722839355
8TRS_AG,1.979812,0,1.5529535293579102,-0.5837185228424076,3.6896255815582277,0.32150579591592154,0.4268584706420897
7U62_HL,2.7283095,0,4.7171196937561035,2.5804476415557858,6.853791745956421,0.6018983642260234,1.9888101937561036
8DGW_AB,5.3209765,1,2.7785966873168944,0.6419246351165766,4.915268739517212,0.29240531822045646,2.542379812683106
8SDG_AB,5.94338,1,3.7958964824676515,1.6592244302673338,5.932568534667969,0.5535722215970358,2.147483517532349
8C3V_CD,4.3679950000000005,1,3.5156761169433595,1.3790040647430417,5.652348169143677,0.6832766513029733,0.852318883056641
9BJH_HL,2.9199865000000003,0,4.006325769424438,1.8696537172241205,6.142997821624756,0.6118443588415781,1.086339269424438
7XRZ_BA,5.6226804999999995,1,1.7760334968566895,-0.3606385553436282,3.9127055490570073,0.2650838285684586,3.84664700314331
9OAQ_HL,2.9112345,0,1.9842984914779662,-0.15237356072235153,4.120970543678284,0.22994172374407448,0.9269360085220337
7U61_HL,3.439634,1,3.8627538681030273,1.7260818159027096,5.999425920303345,0.6755422512690227,0.4231198681030275
9CPU_FG,1.1579165,0,1.9002395629882813,-0.2364324892120364,4.036911615188599,0.23403716186682386,0.7423230629882813
7UCX_HL,1.464383,0,1.6321038722991943,-0.5045681799011235,3.7687759244995123,0.2471882085005442,0.1677208722991943
7UT3_HL,1.8483695,0,0.7919343650341034,-1.3447376871662144,2.928606417234421,0.23238658408323923,1.0564351349658967
9MID_HL,2.394815,0,3.330348825454712,1.1936767732543943,5.467020877655029,0.48035858174165086,0.9355338254547121
7YXU_HL,3.309978,1,3.0738505363464355,0.9371784841461177,5.210522588546754,0.6380654374758403,0.23612746365356463
8CC0_HL,1.8978629999999999,0,1.535677981376648,-0.6009940708236698,3.672350033576966,0.26960734724998475,0.36218501862335195
8S6E_AB,1.062953,0,2.547285461425781,0.4106134092254634,4.683957513626099,0.4445880800485611,1.4843324614257811
9GOX_HL,2.7043705,0,3.0596792221069338,0.923007169906616,5.1963512743072515,0.5090233743190765,0.35530872210693376
8TMZ_HL,0.7831634999999999,0,2.013590955734253,-0.12308109646606491,4.150263007934571,0.33973740339279174,1.230427455734253
7S5P_HL,2.718572,0,1.7890107870101928,-0.34766126519012497,3.9256828392105105,0.27372725307941437,0.9295612129898072
7U5B_AB,2.031059,0,4.418624353408814,2.281952301208496,6.555296405609131,0.4603572994470596,2.3875653534088137
7ZQT_CD,2.9852559999999997,0,2.382068920135498,0.24539686793518012,4.518740972335816,0.262537811199824,0.6031870798645018
7YCL_AB,2.786022,0,2.5917027950286866,0.45503074282836886,4.728374847229004,0.2837225655714671,0.1943192049713134
8SIQ_HL,5.435535,1,7.190517807006836,5.0538457548065185,9.327189859207154,0.6355144302050273,1.7549828070068365
7XY8_HL,1.5365389999999999,0,1.8863706111907959,-0.2503014410095219,4.023042663391114,0.28319169382254283,0.349831611190796
8EQC_BA,7.09504,1,2.8692798137664797,0.7326077615661619,5.005951865966797,0.5338135600090027,4.22576018623352
7TR4_LH,1.6341425,0,1.8300216436386108,-0.306650408561707,3.9666936958389285,0.2710455934206645,0.1958791436386107
7U0K_HL,3.963129,1,5.264530086517334,3.1278580343170166,7.401202138717652,0.7101207097371419,1.3014010865173344
8Z3A_HL,1.7155315,0,1.7102688550949097,-0.4264031971054081,3.8469409072952274,0.26202209194501236,0.005262644905090319
8JBJ_AB,6.775058,1,2.9781081199646,0.841436067764282,5.1147801721649175,0.42065673172473905,3.7969498800354
8YHZ_HL,1.863117,0,2.095378947257996,-0.04129310494232197,4.2320509994583135,0.27249027689297994,0.23226194725799587
7UM3_IM,8.0945115,1,7.772245311737061,5.635573259536743,9.908917363937379,0.5382013152043025,0.3222661882629385
7Q6C_HL,2.7984735,0,3.2977070808410645,1.1610350286407467,5.434379133041382,0.47463815410931903,0.4992335808410644
7YDS_BC,5.558438000000001,1,2.1397928953170777,0.003120843116759975,4.276464947517395,0.2698438912630081,3.418645104682923
7QT4_AB,7.0104875,1,2.586351776123047,0.44967972392272904,4.723023828323365,0.24487299422423042,4.424135723876953
7Y3J_HL,1.305904,0,3.033244514465332,0.8965724622650142,5.16991656666565,0.4322811623414357,1.727340514465332
8CWJ_AB,0.9210315,0,1.9065604209899902,-0.23011163121032752,4.043232473190308,0.24099303483963014,0.9855289209899902
9ECI_HL,3.7753354999999997,1,1.8506655931472777,-0.28600645905304,3.9873376453475955,0.24893794755140938,1.924669906852722
7Y0G_BA,1.020283,0,1.7916154861450195,-0.3450565660552982,3.9282875383453373,0.26299057106177015,0.7713324861450195
8SDF_BC,5.5637004999999995,1,4.7935717582702635,2.6568997060699457,6.930243810470581,0.6947645823160807,0.770128741729736
8VS7_HL,1.56054,0,3.055719995498657,0.9190479432983394,5.192392047698975,0.5201153179009755,1.495179995498657
8VTP_AG,1.0436635,0,1.5076138019561767,-0.6290582502441411,3.6442858541564944,0.2496104727188746,0.4639503019561766
9BJG_HL,10.131887500000001,1,6.247824668884277,4.11115261668396,8.384496721084595,0.7088988741238912,3.884062831115724
8ZAY_HL,2.4927775,0,2.5560365676879884,0.4193645154876706,4.692708619888306,0.3877525508403778,0.0632590676879885
8TFT_HL,3.3966345000000002,1,4.0906425476074215,1.9539704954071038,6.227314599807739,0.682667722304662,0.6940080476074213
9SGH_AB,5.385508,1,4.735747337341309,2.599075285140991,6.872419389541626,0.7073814749717713,0.6497606626586911
8TS0_HL,2.186318,0,3.689536142349243,1.5528640901489252,5.826208194549561,0.6230286796887715,1.503218142349243
8B50_HL,2.7619935,0,1.997285580635071,-0.13938647156524686,4.133957632835388,0.2575509528319041,0.7647079193649291
8DFG_HL,4.021451,1,4.431264114379883,2.2945920621795652,6.567936166580201,0.7098324815432231,0.4098131143798831
8EB2_JL,1.2626445,0,2.6253628730773926,0.4886908208770748,4.76203492527771,0.2922581414381663,1.3627183730773926
9DMF_HL,5.1786475,1,3.779729223251343,1.6430571710510251,5.91640127545166,0.6947467645009359,1.3989182767486574
8DGX_AB,2.2330145,0,2.7172523498535157,0.580580297653198,4.853924402053833,0.42728172938028963,0.4842378498535158
8S6T_AB,3.3863215,1,2.10267915725708,-0.03399289494323776,4.239351209457398,0.30961499909559886,1.2836423427429202
7VUX_HL,0.9533915,0,3.2520211696624757,1.115349117462158,5.388693221862793,0.3106694052616755,2.2986296696624757
9CMC_AB,1.3355035,0,1.6362985849380494,-0.5003734672622684,3.772970637138367,0.22493191560109455,0.3007950849380494
7Y3O_HL,2.7770905,0,4.404353237152099,2.2676811849517815,6.541025289352417,0.7016386985778809,1.6272627371520993
9E69_AB,2.089587,0,3.338589572906494,1.2019175207061763,5.475261625106812,0.3840192824602127,1.2490025729064942
9ECX_CD,15.5649355,1,5.757274150848389,3.620602098648071,7.893946203048706,0.708744498093923,9.807661349151612
7SEG_AB,2.017407,0,2.2364002227783204,0.09972817057800265,4.373072274978638,0.2580552279949188,0.21899322277832045
8G8C_AB,5.8115535,1,8.280239868164063,6.1435678159637455,10.416911920364381,0.6770921170711517,2.4686863681640636
7TUF_HL,2.7217885,0,2.694172430038452,0.5575003778381342,4.83084448223877,0.24294442733128863,0.027616069961548195
8CZ5_HL,2.7383185,0,4.409142065048218,2.2724700128479,6.545814117248535,0.6880119919776917,1.6708235650482175
8B7H_HL,3.785754,1,4.155828666687012,2.019156614486694,6.29250071888733,0.6871471921602885,0.37007466668701205
8SZY_AB,1.443203,0,2.41809196472168,0.2814199125213621,4.554764016921998,0.41809033552805586,0.9748889647216799
9JE3_AB,1.2486155,0,2.4975485801696777,0.36087652796936,4.6342206323699955,0.24844987491766615,1.2489330801696776
9DRU_HL,4.4815245,1,4.717517757415772,2.580845705215454,6.85418980961609,0.6693978349367777,0.23599325741577193
7UYL_HL,2.7937585,0,4.056816434860229,1.9201443826599114,6.193488487060547,0.7094569802284241,1.263057934860229
8TBQ_AB,3.60189,1,2.6377387046813965,0.5010666524810787,4.774410756881714,0.3122199594974518,0.9641512953186036
7SSC_HL,2.800062,0,3.7346972465515136,1.5980251943511958,5.871369298751832,0.5146693617105483,0.9346352465515135
7XSC_AB,3.7710535,1,2.47221462726593,0.33554257506561225,4.608886679466248,0.4201184680064519,1.2988388727340698
7Q0I_AB,3.6876445,1,3.7604467391967775,1.6237746869964598,5.897118791397095,0.6535018444061279,0.07280223919677731
8JA5_BC,1.3335919999999999,0,2.0712801694869993,-0.06539188271331842,4.207952221687317,0.310486830274264,0.7376881694869994
8EOO_AB,2.0395625,0,1.9697062015533446,-0.1669658506469731,4.106378253753663,0.22985450824101764,0.06985629844665553
8W85_AB,5.3856155,1,5.609445190429687,3.4727731382293694,7.746117242630005,0.5570556422074636,0.22382969042968703
7UDH_EF,1.033687,0,1.9061160802841186,-0.23055597191619914,4.042788132484437,0.24262707928816477,0.8724290802841186
9DBO_HL,5.1813715,1,4.001160478591919,1.8644884263916008,6.137832530792236,0.5467353244622548,1.1802110214080814
7T86_BA,3.3110345,1,2.6816177368164062,0.5449456846160885,4.818289789016724,0.24348662694295248,0.6294167631835936
7Q4Q_BA,1.190253,0,2.395325446128845,0.2586533939285274,4.531997498329163,0.3666531960169474,1.2050724461288451
7QUH_HL,4.0024365,1,3.875094747543335,1.7384226953430173,6.011766799743652,0.509694763024648,0.1273417524566649
7SYY_HL,2.7350440000000003,0,2.2233184337615968,0.08664638156127902,4.359990485961914,0.4066272636254628,0.5117255662384035
8XK6_HL,1.8095435,0,3.996824598312378,1.8601525461120603,6.133496650512695,0.3769554714361826,2.1872810983123783
8FZP_AB,1.1533205,0,3.708213043212891,1.571540991012573,5.8448850954132086,0.5342857082684834,2.554892543212891
8RMO_HL,1.4098765,0,2.8585731983184814,0.7219011461181637,4.995245250518799,0.34628104368845625,1.4486966983184815
7RA7_AB,2.4376865,0,3.1500389099121096,1.0133668577117918,5.286710962112427,0.4091494411230087,0.7123524099121097
8YOR_BA,2.3991875,0,3.745175266265869,1.6085032140655513,5.881847318466187,0.6284188548723856,1.345987766265869
8US8_AB,2.4303090000000003,0,2.4123390197753904,0.2756669675750727,4.549011071975708,0.3407578319311142,0.017969980224609827
8PUL_CD,5.3556865,1,0.8048540592193604,-1.3318179929809575,2.941526111419678,0.23309031228224436,4.550832440780639
8S4K_HL,3.2028835,1,2.9557704448699953,0.8190983926696775,5.092442497070313,0.3777920146783193,0.2471130551300047
8UDZ_CD,3.488211,1,2.4524038791656495,0.31573182696533175,4.589075931365967,0.42565480470657346,1.0358071208343507
7FJC_HL,3.1842935,1,2.3769702911376953,0.24029823893737756,4.513642343338013,0.2759606103102366,0.8073232088623046
8F9V_AB,3.055708,1,3.510805368423462,1.3741333162231442,5.64747742062378,0.5828958481550217,0.4550973684234618
8TQ5_HL,2.728351,0,2.8560422897338866,0.7193702375335689,4.992714341934205,0.5984736005465189,0.12769128973388666
8S73_AB,5.317601,1,4.809431171417236,2.6727591192169182,6.946103223617554,0.5968189438184103,0.5081698285827638
8F6L_AB,3.3659545,1,3.5385562896728517,1.401884237472534,5.6752283418731695,0.3524977882703145,0.17260178967285178
7T25_AB,1.2032535000000002,0,1.2528795838356017,-0.883792468364716,3.3895516360359195,0.25178114970525106,0.04962608383560152
7U64_AB,2.8210535,0,3.191475677490234,1.0548036252899164,5.328147729690552,0.5915665686130522,0.3704221774902341
9H8H_AD,1.989725,0,1.8653451681137085,-0.2713268840866092,4.002017220314026,0.29845660030841825,0.12437983188629143
9BDH_HL,2.6052340000000003,0,3.0983721733093263,0.9617001211090086,5.235044225509644,0.5268900960683822,0.4931381733093261
9L2K_HL,3.106978,1,2.7662431716918947,0.629571119491577,4.9029152238922125,0.40758952597777054,0.3407348283081051
9C1S_AB,4.1701575,1,3.312385416030884,1.1757133638305661,5.449057468231201,0.39632114171981814,0.8577720839691163
8AV9_HL,0.740702,0,2.1206597566604612,-0.016012295539856503,4.257331808860779,0.27578250169754026,1.3799577566604613
8VC7_BA,4.8769195,1,3.7666409015655518,1.629968849365234,5.9033129537658695,0.6110152681668599,1.1102785984344479
7U04_HL,3.6397975000000002,1,5.539497661590576,3.4028256093902582,7.676169713790894,0.7100738763809203,1.8997001615905758
9BR5_BA,2.38643,0,1.5274417877197266,-0.6092302644805911,3.664113839920044,0.3655130426088969,0.8589882122802732
8EKH_HL,3.4180225,1,1.2600106000900269,-0.8766614521102909,3.3966826522903446,0.2105881929397583,2.1580118999099733
9DH2_AD,1.9504375,0,2.089081859588623,-0.047590192611694615,4.22575391178894,0.23069519599278765,0.1386443595886231
8FAX_AB,1.0075885,0,1.619737982749939,-0.5169340694503788,3.7564100349502567,0.31157512664794923,0.612149482749939
7PHS_HL,2.0867185,0,2.7352138996124267,0.5985418474121089,4.871885951812745,0.468374549349149,0.6484953996124267
8EE1_BC,3.068568,1,2.0036898374557497,-0.13298221474456806,4.140361889656067,0.25456767777601874,1.0648781625442503
7OX1_AB,4.4156635,1,4.512920284271241,2.376248232070923,6.649592336471558,0.7101435184478759,0.09725678427124063
7RPU_AB,2.412374,0,2.3247650861740112,0.18809303397369348,4.461437138374329,0.5313312649726868,0.08760891382598857
8S6V_AB,4.8264775,1,5.298733901977539,3.1620618497772215,7.435405954177857,0.5817562242348988,0.47225640197753904
7T87_HL,2.888267,0,5.408198261260987,3.271526209060669,7.544870313461304,0.7044930100440979,2.5199312612609868
8GKK_HL,3.9889324999999998,1,3.2162609577178953,1.0795889055175776,5.352933009918213,0.542876527706782,0.7726715422821044
8Y31_BA,1.821869,0,3.8511345863342283,1.7144625341339106,5.987806638534546,0.4606582621733348,2.0292655863342284
7U0B_HL,4.268237,1,5.067623424530029,2.9309513723297114,7.204295476730347,0.712688688437144,0.7993864245300291
7UEL_HL,1.3427825,0,1.5294774770736694,-0.6071945751266483,3.666149529273987,0.22940937976042428,0.18669497707366944
8EK6_HL,4.0995955,1,4.155834436416626,2.0191623842163082,6.292506488616944,0.7110759019851686,0.056238936416625585
9GGP_HL,3.7162115,1,3.470023202896118,1.3333511506958002,5.606695255096436,0.46657597323258726,0.24618829710388201
8C67_AB,4.0824085,1,3.7403435707092285,1.6036715185089108,5.877015622909546,0.6751112381617228,0.34206492929077115
9AXO_HL,5.7386035,1,6.545610165596008,4.40893811339569,8.682282217796326,0.41081661184628804,0.807006665596008
9MIF_HL,2.8273970000000004,0,3.1549017429351807,1.018229690734863,5.291573795135498,0.6906086444854737,0.3275047429351803
8YX1_AB,3.5521965,1,1.6401994466781615,-0.4964726055221562,3.7768714988784793,0.23170284529527024,1.9119970533218384
7UVO_AB,2.2210795,0,2.6878714561462402,0.5511994039459225,4.824543508346558,0.46200657486915586,0.46679195614624014
8Z4C_AD,3.7414699999999996,1,2.016909694671631,-0.1197623575286868,4.153581746871948,0.28865871230761214,1.7245603053283687
9SFX_HL,2.021999,0,1.8147606134414673,-0.3219114387588504,3.951432665641785,0.2427576631307602,0.20723838655853277
8P6I_HL,3.0977635,1,3.2655691146850585,1.1288970624847408,5.402241166885377,0.5383235434691112,0.1678056146850584
7VEN_BA,1.083369,0,2.1694443464279174,0.03277229422759964,4.306116398628236,0.447074756026268,1.0860753464279174
8PPM_HL,2.8993875,0,4.912661838531494,2.775989786331176,7.049333890731812,0.41155525147914884,2.013274338531494
8GYE_EF,1.155287,0,1.7081275224685668,-0.42854452973175094,3.8447995746688846,0.2702193985382716,0.5528405224685669
9B8G_AB,4.0513745,1,3.120442581176758,0.9837705289764402,5.257114633377076,0.4344378133614858,0.9309319188232417
8W86_AB,5.6290905,1,5.360989665985107,3.2243176137847893,7.497661718185425,0.5588304360707601,0.26810083401489315
7Q0G_HL,4.92263,1,2.1980984210968018,0.06142636889648401,4.3347704732971195,0.22517266273498535,2.724531578903198
8OL9_BA,3.0206265,1,2.4215232372283935,0.2848511850280757,4.558195289428712,0.4231293310721716,0.5991032627716066
8GB6_HL,3.5968815000000003,1,2.407401180267334,0.2707291280670163,4.544073232467651,0.24927358428637186,1.1894803197326662
7TUS_AB,3.579279,1,2.160211420059204,0.02353936785888644,4.2968834722595215,0.2515230725208918,1.419067579940796
8CWI_HL,3.915863,1,2.3685561180114747,0.23188406581115695,4.505228170211792,0.3027032226324082,1.5473068819885252
9AXN_AB,3.7660590000000003,1,3.256181240081787,1.1195091878814694,5.392853292282105,0.5906621396541596,0.5098777599182132
7ZWI_BC,2.38389,0,2.0702115535736083,-0.06646049862670944,4.2068836057739265,0.26766098936398824,0.31367844642639175
8DCC_HL,4.0297215,1,6.258432102203369,4.121760050003052,8.395104154403686,0.7074045817057291,2.2287106022033694
9J8A_HL,1.681975,0,4.508924102783203,2.372252050582885,6.6455961549835205,0.4234394023815791,2.8269491027832028
7STR_HL,4.1042705,1,3.1523874759674073,1.0157154237670896,5.289059528167725,0.49114254117012024,0.9518830240325928
9B76_HL,4.41772,1,4.138487720489502,2.0018156682891846,6.27515977268982,0.5219627370436986,0.2792322795104978
8TQA_HL,1.822375,0,3.074377012252808,0.93770496005249,5.2110490644531255,0.3852116525173187,1.2520020122528077
8SIP_HL,1.849237,0,1.7646300554275514,-0.3720419967727664,3.901302107627869,0.26841159661610925,0.08460694457244866
8ACF_HL,1.022196,0,2.132855463027954,-0.0038165891723638268,4.269527515228272,0.2888527651627858,1.1106594630279538
8C7V_AB,2.313177,0,1.588540291786194,-0.5481317604141238,3.7252123439865117,0.2798480759064356,0.7246367082138061
9FIK_BC,8.280226500000001,1,6.807188510894775,4.670516458694458,8.943860563095093,0.585094690322876,1.4730379891052259
8BF0_HL,1.3276810000000001,0,2.3200897216796874,0.18341766947936966,4.456761773880006,0.25298338333765663,0.9924087216796873
9MER_HL,3.4899415,1,4.453588199615479,2.316916147415161,6.590260251815796,0.7088112235069275,0.9636466996154787
8A44_CD,2.100415,0,3.731923055648804,1.5952510034484861,5.868595107849122,0.5883990307648977,1.631508055648804
7WSL_HL,0.9016625,0,2.7479226112365724,0.6112505590362547,4.88459466343689,0.3475012471278508,1.8462601112365724
9GFG_AB,1.560837,0,2.7122154235839844,0.5755433713836666,4.848887475784302,0.2835829228162765,1.1513784235839843
8VVB_AB,3.763622,1,4.0337011337280275,1.8970290815277098,6.170373185928345,0.6868376294771831,0.2700791337280277
7UCE_HL,3.748763,1,3.6084003925323485,1.4717283403320307,5.745072444732666,0.4324009110530218,0.1403626074676514
8H8Q_HL,1.7941984999999998,0,2.233594512939453,0.09692246073913546,4.3702665651397705,0.2224841147661209,0.4393960129394534
8D6Z_AB,5.2425429999999995,1,3.032642936706543,0.8959708845062253,5.16931498890686,0.43061108092466993,2.2099000632934565
8DOZ_AB,1.1685175,0,2.3003074169158935,0.16363536471557572,4.436979469116212,0.28701026539007823,1.1317899169158934
9GFH_AB,1.3651255,0,3.03918399810791,0.9025119459075923,5.175856050308228,0.420362189412117,1.67405849810791
9N6U_HL,1.755903,0,2.071838855743408,-0.06483319645690955,4.208510907943726,0.21294374416271844,0.3159358557434082
7UEN_HL,1.092436,0,1.8525504350662232,-0.28412161713409456,3.9892224872665407,0.40833274225393934,0.7601144350662232
8DCN_AB,2.370939,0,2.844437599182129,0.7077655469818112,4.981109651382447,0.31668960551420844,0.473498599182129
8GBZ_HL,6.542117,1,5.020507431030273,2.8838353788299553,7.157179483230591,0.7214339733123779,1.521609568969727
8GC0_HL,6.581175,1,9.14357852935791,7.006906477157592,11.280250581558228,0.6998289823532104,2.56240352935791
9PWN_HL,3.7299295,1,4.035705518722534,1.8990334665222166,6.172377570922852,0.47592893938223524,0.30577601872253446
7UVI_AB,5.0259255,1,3.7396194458007814,1.6029473936004637,5.876291498001099,0.547894682486852,1.2863060541992182
8RTW_BA,5.6439605,1,2.56895170211792,0.43227964991760226,4.705623754318237,0.2614853858947754,3.0750087978820804
8TCA_HL,1.7085765,0,1.9968244314193726,-0.13984762078094515,4.13349648361969,0.23897089858849846,0.28824793141937266
7WGT_HL,1.1221735,0,1.0592336654663086,-1.0774383867340092,3.1959057176666263,0.23119868238766988,0.06293983453369134
9F90_DC,0.974081,0,3.059595489501953,0.9229234373016353,5.196267541702271,0.33031276365121204,2.085514489501953
7UVS_AB,3.4714685000000003,1,3.312687873840332,1.1760158216400143,5.44935992604065,0.6914021372795105,0.15878062615966826
7TUH_AB,1.6345325,0,1.7434366464614868,-0.393235405738831,3.8801086986618047,0.21810764173666636,0.10890414646148683
8YWR_HL,1.7980895000000001,0,2.906824159622192,0.7701521074218745,5.04349621182251,0.4791668524344762,1.108734659622192
8P88_CA,2.321974,0,2.9304401874542236,0.7937681352539059,5.067112239654541,0.6335781693458558,0.6084661874542237
7UM3_HL,7.794171499999999,1,8.077240753173829,5.940568700973511,10.213912805374147,0.5101011047760646,0.2830692531738297
7R58_HL,2.542693,0,2.09430091381073,-0.04237113838958795,4.2309729660110476,0.30775592724482215,0.44839208618927007
7UVH_AB,3.38244,1,3.1788573265075684,1.0421852743072506,5.315529378707886,0.3402557412783305,0.20358267349243153
7UXL_FE,7.7375039999999995,1,6.258934020996094,4.122261968795776,8.395606073196412,0.7030191063880921,1.4785699790039057
7YCN_CD,2.9517885,0,3.9975666046142577,1.86089455241394,6.134238656814576,0.6118657906850179,1.0457781046142576
8TI4_HL,1.5366135,0,1.9161401510238647,-0.22053190117645305,4.052812203224183,0.2105358988046646,0.3795266510238646
8TBB_HL,5.1670715000000005,1,3.667859601974487,1.5311875497741694,5.804531654174805,0.6069993734359741,1.4992118980255134
8VLT_HL,3.714168,1,3.772477865219116,1.6358058130187985,5.909149917419434,0.30711855590343473,0.0583098652191163
9CF6_HL,2.0575135,0,2.066516613960266,-0.07015543824005155,4.2031886661605835,0.28830107251803083,0.009003113960265985
9CPX_HL,1.2806325,0,1.5117670536041259,-0.6249049985961919,3.6484391058044436,0.22877743393182753,0.23113455360412583
8JEP_AB,1.1570155,0,1.7946318149566651,-0.3420402372436526,3.931303867156983,0.2453619996706645,0.6376163149566652
7T0H_HL,1.5152744999999999,0,1.9640233755111693,-0.1726486766891484,4.1006954277114875,0.2518730868895848,0.4487488755111695
8F9T_AB,3.422161,1,3.4134650230407715,1.2767929708404537,5.550137075241089,0.6909923672676087,0.008695976959228524
7U63_BA,5.04009,1,3.728547239303589,1.591875187103271,5.865219291503907,0.44036739468574526,1.3115427606964114
7YV1_HL,2.939957,0,2.5584333896636964,0.4217613374633786,4.695105441864014,0.24379635353883108,0.3815236103363038
7VSW_BA,1.583641,0,1.9522866010665894,-0.1843854511337284,4.088958653266907,0.2370933105548223,0.3686456010665893
7ZF6_HL,3.235862,1,2.794265937805176,0.6575938856048582,4.930937990005494,0.6007380048433939,0.44159606219482406
9DL0_AY,2.6771279999999997,0,3.112721347808838,0.97604929560852,5.249393400009156,0.6785800119241079,0.43559334780883807
7UQC_BA,1.929279,0,4.106634855270386,1.969962803070068,6.2433069074707035,0.5858010371526082,2.1773558552703856
8TFE_AB,2.0316265,0,2.106760621070862,-0.029911431129455934,4.24343267327118,0.2316670298576355,0.07513412107086204
8E1G_HL,1.7478474999999998,0,2.8072112560272218,0.670539203826904,4.943883308227539,0.32607071101665497,1.059363756027222
8W9H_BA,2.581396,0,2.450019121170044,0.3133470689697262,4.586691173370362,0.5779860019683838,0.13137687882995586
8QRG_HL,2.21779,0,2.4849871158599854,0.3483150636596677,4.621659168060303,0.5215965797503789,0.2671971158599855
8VVK_DC,3.8181269999999996,1,3.6924774169921877,1.55580536479187,5.829149469192505,0.5278228670358658,0.12564958300781193
8FG0_AB,3.750076,1,2.537437009811401,0.40076495761108344,4.674109062011719,0.3069042801856995,1.2126389901885988
8G2O_HL,2.189152,0,2.857242202758789,0.7205701505584714,4.9939142549591065,0.299839057524999,0.6680902027587892
7OX4_AB,3.33164,1,3.711172580718994,1.5745005285186764,5.847844632919312,0.4900226205587387,0.379532580718994
9PKC_HL,1.157569,0,1.60549955368042,-0.5311724985198978,3.7421716058807375,0.2666035840908686,0.4479305536804199
9CDS_BA,1.1548195,0,2.275032615661621,0.13836056346130343,4.4117046678619385,0.28296674887339274,1.120213115661621
9AZT_HL,2.864211,0,5.006148433685302,2.8694763814849846,7.14282048588562,0.7177138408025105,2.1419374336853023
8W84_AB,6.6000285000000005,1,3.575536918640137,1.4388648664398191,5.712208970840455,0.6303944031397501,3.0244915813598636
8S4H_HL,3.229942,1,3.709341859817505,1.5726698076171872,5.846013912017822,0.7141103347142538,0.4793998598175051
8EEZ_HL,2.8871115,0,4.987562942504883,2.850890890304565,7.1242349947052,0.6688737591107686,2.1004514425048826
8SHV_HL,1.788205,0,2.106102156639099,-0.030569895561218807,4.242774208839417,0.27041675845781965,0.3178971566390989
7SUE_BA,7.2651155,1,8.26143503189087,6.124762979690551,10.398107084091187,0.7209602236747742,0.9963195318908689
8D36_HL,7.97539,1,3.783516693115234,1.6468446409149164,5.920188745315552,0.45187637110551204,4.191873306884766
8DGU_HL,2.120712,0,2.712475800514221,0.5758037483139034,4.849147852714539,0.44662384490172063,0.591763800514221
8D9Z_BA,4.8259035,1,6.054455280303955,3.9177832281036373,8.191127332504273,0.7358014742533366,1.2285517803039552
7S5Q_BC,2.477837,0,2.9996476650238035,0.8629756128234858,5.136319717224121,0.6944208661715189,0.5218106650238035
9PIX_HL,4.170243,1,3.059970569610596,0.9232985174102781,5.196642621810914,0.37453662554423006,1.1102724303894043
9DX6_BC,7.856889,1,7.989059734344482,5.8523876821441645,10.1257317865448,0.7019190231959025,0.13217073434448245
8CHE_AB,1.2986,0,1.4931698560714721,-0.6435021961288456,3.62984190827179,0.3685166418552398,0.19456985607147215
8SGN_HL,2.4055995,0,2.632198143005371,0.49552609080505317,4.768870195205689,0.4591078370809555,0.2265986430053708
7STS_AB,3.0513845,1,1.7880214691162108,-0.3486505830841069,3.9246935213165286,0.23617692987124128,1.2633630308837893
7UL0_HL,1.6619785,0,2.0364587783813475,-0.10021327381897027,4.173130830581665,0.2534047285715739,0.37448027838134745
8FZO_AB,2.693178,0,2.805993938446045,0.6693218862457271,4.942665990646363,0.23899238606293993,0.11281593844604476
8RWB_HL,0.8469985,0,1.8447580814361573,-0.2919139707641605,3.981430133636475,0.263187101483345,0.9977595814361573
8EQA_BA,2.3490795,0,3.808569002151489,1.6718969499511713,5.945241054351807,0.6096027433872222,1.4594895021514889
8F2T_AB,1.621834,0,1.306964349746704,-0.8297077024536137,3.443636401947022,0.24999146461486815,0.31486965025329594
8UX6_DC,1.94801,0,1.6778975963592528,-0.4587744558410649,3.8145696485595706,0.3504380544026693,0.2701124036407472
8FA9_HL,4.022997,1,3.504057598114014,1.367385545913696,5.640729650314332,0.7202969710032145,0.5189394018859863
8WSN_BC,4.5645255,1,2.7358248233795166,0.5991527711791989,4.872496875579834,0.3405402809381485,1.8287006766204836
9DS3_AI,2.4795439999999997,0,4.350308656692505,2.213636604492187,6.486980708892823,0.7140920042991639,1.8707646566925051
8UZP_AB,1.795803,0,3.1574137210845947,1.020741668884277,5.2940857732849125,0.6326226830482483,1.3616107210845947
9BT5_EF,5.971507,1,3.641857385635376,1.5051853334350582,5.778529437835694,0.6818420767784119,2.329649614364624
8URF_HL,1.6743825,0,1.7932985544204711,-0.3433734977798466,3.929970606620789,0.23711551974217096,0.11891605442047104
7FGJ_HL,0.9845555,0,2.4421987533569336,0.30552670115661584,4.578870805557251,0.26041661302248637,1.4576432533569337
8RTX_BA,1.7227655,0,2.824978256225586,0.6883062040252681,4.961650308425904,0.35127575099468233,1.102212756225586
9I1Q_IF,2.1132635,0,1.4405777096748351,-0.6960943425254826,3.577249761875153,0.24816720386346178,0.6726857903251648
7ZXU_HL,1.2698960000000001,0,1.154808020591736,-0.9818640316085818,3.2914800727920537,0.2673330063621203,0.11508797940826421
9JE3_CD,3.4938909999999996,1,4.626074314117432,2.489402261917114,6.762746366317749,0.6918024778366089,1.132183314117432
9LRA_HL,3.090077,1,3.9594992637634276,1.82282721156311,6.096171315963746,0.6127984623114268,0.8694222637634277
8B9V_HL,2.44232,0,1.9415445804595948,-0.19512747174072298,4.078216632659912,0.3924299418926239,0.5007754195404053
8D3A_HL,4.992204,1,4.4249170303344725,2.2882449781341547,6.56158908253479,0.7255598028500875,0.5672869696655276
8REL_HL,1.584076,0,2.7195257186889648,0.582853666488647,4.856197770889283,0.37039835850397745,1.1354497186889647
8EEE_HL,4.9235904999999995,1,5.720111942291259,3.5834398900909417,7.856783994491577,0.7040897925694785,0.7965214422912599
8DS5_CB,1.2820745,0,2.0540441989898683,-0.08262785321044941,4.190716251190186,0.3738259295622508,0.7719696989898683
9GFF_HL,1.4476955,0,2.3643447875976564,0.22767273539733868,4.501016839797974,0.3965746124585469,0.9166492875976564
8TFL_HL,3.353084,1,3.2937994956970216,1.1571274434967038,5.430471547897339,0.32140033443768823,0.05928450430297838
8BK2_DE,1.779274,0,3.547553014755249,1.4108809625549315,5.684225066955567,0.3987412611643473,1.7682790147552492
7Z3W_HL,1.0043,0,2.403081941604614,0.26640988940429633,4.539753993804932,0.2596809203426043,1.398781941604614
8CBF_AB,4.1007365,1,2.206015205383301,0.06934315318298312,4.342687257583618,0.2622155065337817,1.8947212946166991
8UP2_AB,4.7277190000000004,1,2.1054575204849244,-0.031214531715393345,4.242129572685242,0.24728220254182812,2.622261479515076
9MSN_AB,4.2466925,1,2.7145716190338134,0.5778995668334956,4.851243671234132,0.44884016315142317,1.5321208809661866
7DF1_FJ,4.5221025,1,5.189471244812012,3.052799192611694,7.3261432970123295,0.7148979266484579,0.6673687448120118
9CPU_HL,1.018785,0,2.101194381713867,-0.03547767048645056,4.237866433914185,0.2681625177462895,1.0824093817138671
9BX5_HL,1.2918265,0,2.16853107213974,0.03185901993942242,4.305203124340058,0.30035628676414494,0.8767045721397402
8AWL_HL,3.0971025,1,2.4097105741500853,0.2730385219497675,4.546382626350403,0.2717331488927206,0.6873919258499148
8FAN_CD,2.5213694999999996,0,2.5389073848724366,0.40223533267211886,4.675579437072754,0.5904687801996867,0.017537884872437015
8GV1_AB,2.221958,0,2.412579298019409,0.27590724581909143,4.549251350219727,0.31380144258340203,0.1906212980194093
9C7X_AB,0.7197835,0,3.1090415477752686,0.9723694955749509,5.245713599975586,0.2662827173868815,2.3892580477752685
7X8Q_CB,2.2680795,0,2.6923414707183837,0.555669418518066,4.829013522918702,0.44440959990024564,0.4242619707183839
7QT0_AB,7.9875345,1,2.4574976921081544,0.32082563990783663,4.594169744308472,0.2844664007425308,5.530036807891845
8SXP_HL,5.1737275,1,6.270594692230224,4.1339226400299065,8.407266744430542,0.7286863048871358,1.0968671922302242
7QNW_HL,1.7827325,0,3.6663840770721436,1.529712024871826,5.803056129272461,0.4147536545991898,1.8836515770721436
7ZF8_HL,1.4370215,0,1.105398666858673,-1.0312733853416447,3.242070719058991,0.24688045283158616,0.3316228331413269
8V13_HL,1.4386,0,1.6703243732452393,-0.46634767895507845,3.806996425445557,0.2668801198403041,0.2317243732452392
7YK4_IM,1.6597970000000002,0,2.2811590433120728,0.144486991111755,4.4178310955123905,0.5222358286380768,0.6213620433120726
8SJA_BA,2.8222155,0,3.7365509986877443,1.5998789464874266,5.873223050888062,0.5597310622533163,0.9143354986877443
9CQA_EF,3.3290205,1,3.5834387302398683,1.4467666780395505,5.720110782440186,0.6998398065567016,0.2544182302398683
8SJK_BA,1.2610869999999998,0,1.371272897720337,-0.7653991544799807,3.5079449499206548,0.22683141827583314,0.11018589772033716
9N7K_AB,6.8940105,1,5.036945343017578,2.9002732908172604,7.173617395217896,0.7128232916196188,1.8570651569824221
8D1T_HL,5.055822,1,2.23281409740448,0.09614204520416214,4.369486149604798,0.2567672739426295,2.82300790259552
8GDO_HL,1.7181535,0,1.7719390392303467,-0.36473301296997107,3.9086110914306644,0.3077872554461162,0.05378553923034679
8TFP_HL,2.7599865,0,3.7228020668029784,1.5861300146026607,5.859474119003297,0.5705195128917695,0.9628155668029783
8TQ9_HL,2.197111,0,3.865425539016724,1.728753486816406,6.002097591217042,0.6651901801427206,1.6683145390167238
8R38_HL,3.6925255,1,1.7007177114486693,-0.4359543407516484,3.837389763648987,0.2436714644233386,1.9918077885513306
9B44_HL,2.0946775,0,2.225374126434326,0.08870207423400833,4.362046178634644,0.46910682121912634,0.1306966264343261
8OJU_HL,1.6104055000000002,0,2.217377853393555,0.08070580119323711,4.354049905593873,0.3426109353701274,0.6069723533935547
9OAS_HL,2.9338930000000003,0,3.0644325733184816,0.9277605211181639,5.201104625518799,0.4553856720527013,0.13053957331848132
8F6O_AB,3.581307,1,4.833094215393066,2.6964221631927483,6.969766267593384,0.7251010457674663,1.2517872153930663
9N89_HL,1.942216,0,3.0438910484313966,0.9072189962310788,5.180563100631714,0.3778035173813502,1.1016750484313966
7ZXK_JI,4.621615,1,5.020911979675293,2.884239927474975,7.1575840318756105,0.7236646811167399,0.39929697967529254
8EE0_HL,2.214333,0,1.5913901805877686,-0.5452818716125492,3.728062232788086,0.29341693023840587,0.6229428194122313
7WVI_AB,4.6800085,1,5.364175796508789,3.2275037443084713,7.500847848709107,0.6991544326146444,0.6841672965087895
8BJZ_AB,2.0194765,0,1.837798833847046,-0.29887321835327185,3.9744708860473636,0.24507000943024954,0.18167766615295422
9JQV_CD,2.279715,0,2.842164134979248,0.7054920827789304,4.978836187179565,0.6712440391381582,0.5624491349792482
9F1I_HL,3.0500555,1,4.222152423858643,2.085480371658325,6.3588244760589605,0.6107849697271982,1.1720969238586427
8GB8_HL,3.1915395,1,3.1046069145202635,0.9679348623199457,5.241278966720581,0.544977068901062,0.0869325854797367
9FM0_AC,3.115647,1,3.2469377517700195,1.1102656995697018,5.383609803970337,0.5721195538838705,0.13129075177001948
8VVL_HL,2.1986995,0,3.457892894744873,1.3212208425445553,5.594564946945191,0.5565522253513336,1.259193394744873
9UVI_BA,1.2152195,0,1.65175359249115,-0.4849184597091678,3.7884256446914675,0.23461283842722574,0.43653409249115005
8UIO_AB,4.1854105,1,2.8636219978332518,0.726949945632934,5.0002940500335695,0.2986348499854406,1.321788502166748
7ST8_HL,1.8469455,0,2.668514680862427,0.5318426286621092,4.805186733062745,0.3549818019072215,0.821569180862427
9GJV_HL,2.7048129999999997,0,1.923085331916809,-0.21358672028350867,4.059757384117127,0.22223151624202728,0.7817276680831906
8EF0_HL,3.858105,1,4.468061733245849,2.3313896810455317,6.604733785446167,0.724027709166209,0.6099567332458493
7XEG_CD,1.2485195,0,3.7162299156188965,1.5795578634185787,5.852901967819214,0.39630015393098195,2.4677104156188965
9DST_CD,2.984886,0,3.7469413757324217,1.610269323532104,5.8836134279327394,0.6692377428213756,0.7620553757324218
8BG1_AB,4.6769075,1,5.012080907821655,2.8754088556213375,7.148752960021973,0.7167436281840007,0.33517340782165483
9C6Y_AB,3.180213,1,4.309121417999267,2.1724493657989496,6.445793470199585,0.48262949784596765,1.1289084179992672
8JYR_HL,1.1439365,0,2.5760807752609254,0.43940872306060763,4.712752827461243,0.27362700601418816,1.4321442752609255
7UL1_HL,1.7351429999999999,0,1.620115542411804,-0.5165565097885136,3.756787594612122,0.25378666569789254,0.11502745758819577
8QH0_HL,1.105552,0,1.2455827713012695,-0.8910892808990483,3.3822548235015875,0.2764239937067031,0.1400307713012694
9LRF_HL,3.3216585,1,3.6106025695800783,1.4739305173797606,5.747274621780396,0.5212825496991476,0.28894406958007846
8Z2E_HL,1.1994715,0,1.2088014364242554,-0.9278706157760623,3.345473488624573,0.24292959074179335,0.009329936424255392
8SEF_HL,1.4436045000000002,0,3.2249568939208983,1.0882848417205806,5.3616289461212165,0.6540164113044739,1.7813523939208982
8ZXW_AB,3.2922285000000002,1,3.64768500328064,1.511012951080322,5.784357055480958,0.6047844191392263,0.3554565032806396
8RP8_AB,2.395588,0,1.2940334796905517,-0.842638572509766,3.4307055318908697,0.22526911199092864,1.1015545203094483
7QF1_CB,3.547723,1,4.133236885070801,1.996564832870483,6.2699089372711185,0.6833567976951598,0.5855138850708008
7QEZ_HL,2.7180964999999997,0,2.7856563568115233,0.6489843046112056,4.9223284090118415,0.4188747495412827,0.06755985681152366
7T0L_GK,3.1205245,1,2.8537583351135254,0.7170862829132076,4.990430387313843,0.46046313544114437,0.26676616488647475
9Q8L_HL,3.5125764999999998,1,3.140213060379028,1.0035410081787104,5.276885112579346,0.3678147991498312,0.3723634396209716
9B2W_EF,3.473665,1,3.0677133083343504,0.9310412561340327,5.204385360534668,0.42685621480147046,0.4059516916656496
7TQA_AB,3.2864755,1,1.5294708490371705,-0.6072012031631473,3.666142901237488,0.20049804598093032,1.7570046509628294
7SKZ_HL,3.08598,1,3.3724050521850586,1.2357329999847408,5.509077104385376,0.6159525076548259,0.2864250521850584
8VWE_HL,2.515661,0,3.709994077682495,1.5733220254821774,5.846666129882813,0.4368658145268758,1.194333077682495
8G1B_AB,2.9244705,0,3.0782634258270263,0.9415913736267085,5.2149354780273445,0.518835410475731,0.1537929258270263
8SDH_CD,3.837829,1,3.878736734390259,1.742064682189941,6.0154087865905765,0.5629433969656626,0.04090773439025863
7WPV_HL,4.215738999999999,1,4.907817745208741,2.771145693008423,7.044489797409058,0.7254276116689046,0.6920787452087414
8S6M_HL,2.6587164999999997,0,4.537552261352539,2.4008802091522217,6.674224313552857,0.722237233320872,1.8788357613525397
